id,first_name,last_name,voivodeship,city,email,phone_number,age,last_purchase_category,purchases_value
1,Filip,Adamczyk,Dolnośląskie,Wrocław,jacek.szymański58@mail.com,+48 807662339,21,5,280
2,Grzegorz,Kaczor,Podkarpackie,Gdańsk,henryk.woźniak27@example.com,+48 050643694,20,2,390
3,Beata,Dąbrowski,Kujawsko-Pomorskie,Lublin,grażyna.dąbrowski59@example.com,+48 555276613,43,4,670
4,Danuta,Kaczmarek,Lubuskie,Warszawa,grażyna.dąbrowski28@mail.com,+48 267952410,24,4,340
5,Łukasz,Woźniak,Łódzkie,Poznań,dariusz.kowalski24@example.com,+48 797852810,32,3,360
6,Małgorzata,Krawczyk,Kujawsko-Pomorskie,Łódź,agnieszka.szymański69@example.com,+48 541485367,65,1,150
7,Edward,Krawczyk,Opolskie,Lublin,dariusz.dąbrowski80@mail.com,+48 930418212,25,3,60
8,Paweł,Zając,Małopolskie,Lublin,jacek.wójcik31@inbox.com,+48 910185051,65,2,250
9,Urszula,Dąbrowski,Podlaskie,Bydgoszcz,ewa.lewandowski64@mail.com,+48 320740025,32,5,360
10,Paweł,Kowalski,Kujawsko-Pomorskie,Bydgoszcz,bartosz.kowalski15@inbox.com,+48 355813753,70,4,180
11,Henryk,Grabowski,Lubuskie,Warszawa,henryk.wójcik7@example.com,+48 429625558,41,2,100
12,Beata,Piotrowski,Dolnośląskie,Poznań,celina.szymański76@mail.com,+48 263132536,58,1,1710
13,Katarzyna,Zając,Małopolskie,Lublin,ewa.woźniak32@mail.com,+48 468430300,31,4,470
14,Paweł,Jabłoński,Lubelskie,Kraków,iwona.szymański38@mail.com,+48 679515180,51,3,2640
15,Jacek,Nowak,Kujawsko-Pomorskie,Poznań,bartosz.woźniak61@post.com,+48 292029823,35,2,110
16,Czesław,Mazur,Kujawsko-Pomorskie,Bydgoszcz,filip.lewandowski17@example.com,+48 900750925,55,1,110
17,Agnieszka,Kaczor,Lubuskie,Gdańsk,filip.wójcik13@post.com,+48 444756238,34,5,170
18,Norbert,Zawadzki,Kujawsko-Pomorskie,Gdańsk,bartosz.dąbrowski98@mail.com,+48 242918028,77,2,190
19,Dariusz,Kamiński,Małopolskie,Lublin,jacek.woźniak45@example.com,+48 601719416,37,4,50
20,Róża,Dudek,Kujawsko-Pomorskie,Poznań,henryk.szymański71@example.com,+48 524763408,80,3,90
21,Dariusz,Piotrowski,Podlaskie,Poznań,bartosz.szymański30@mail.com,+48 140098937,33,5,4130
22,Róża,Kowalski,Dolnośląskie,Kraków,iwona.dziedzic30@mail.com,+48 310857614,73,4,240
23,Filip,Kowalski,Lubuskie,Poznań,grażyna.wiśniewski25@inbox.com,+48 521948495,32,2,40
24,Wojciech,Kaczor,Opolskie,Łódź,bartosz.kowalski28@post.com,+48 415443643,71,2,310
25,Czesław,Krawczyk,Podkarpackie,Warszawa,grażyna.kowalski5@mail.com,+48 872082714,41,3,20
26,Ewa,Wójcik,Podkarpackie,Poznań,dariusz.lewandowski85@post.com,+48 981240196,54,1,170
27,Norbert,Dudek,Małopolskie,Szczecin,bartosz.dziedzic16@example.com,+48 487804699,34,1,80
28,Katarzyna,Kwiatkowski,Mazowieckie,Gdańsk,iwona.kowalski46@inbox.com,+48 951732903,74,4,80
29,Katarzyna,Lewandowski,Kujawsko-Pomorskie,Szczecin,agnieszka.woźniak51@inbox.com,+48 180338097,27,2,220
30,Celina,Kwiatkowski,Mazowieckie,Gdańsk,bartosz.kamiński3@inbox.com,+48 319477709,28,1,4360
31,Szymon,Piotrowski,Podkarpackie,Bydgoszcz,iwona.kamiński92@post.com,+48 854143975,29,1,480
32,Filip,Grabowski,Mazowieckie,Wrocław,dariusz.lewandowski37@inbox.com,+48 946329876,25,2,290
33,Beata,Szymański,Podlaskie,Wrocław,bartosz.lewandowski54@post.com,+48 077463259,40,1,400
34,Róża,Dziedzic,Kujawsko-Pomorskie,Łódź,iwona.kowalski64@mail.com,+48 305844286,63,1,60
35,Teresa,Michalak,Opolskie,Gdańsk,bartosz.dziedzic16@post.com,+48 587363919,20,4,0
36,Norbert,Nowak,Opolskie,Poznań,henryk.dziedzic84@mail.com,+48 607942648,47,5,20
37,Oliwia,Michalak,Dolnośląskie,Lublin,bartosz.kowalski49@example.com,+48 318861665,65,1,340
38,Ewa,Woźniak,Opolskie,Poznań,bartosz.dziedzic37@post.com,+48 242838410,54,5,230
39,Danuta,Piotrowski,Mazowieckie,Kraków,grażyna.woźniak4@example.com,+48 012682384,23,4,9530
40,Ewa,Zawadzki,Podlaskie,Łódź,dariusz.nowak56@inbox.com,+48 537720388,43,5,8540
41,Małgorzata,Woźniak,Podkarpackie,Poznań,celina.lewandowski15@example.com,+48 653992734,46,1,630
42,Szymon,Wiśniewski,Opolskie,Wrocław,dariusz.dziedzic94@example.com,+48 716960602,75,1,1650
43,Bartosz,Wiśniewski,Dolnośląskie,Łódź,jacek.wiśniewski36@example.com,+48 930735808,66,2,390
44,Zofia,Mazur,Opolskie,Szczecin,dariusz.kamiński59@post.com,+48 048907878,22,1,270
45,Felicja,Krawczyk,Lubuskie,Poznań,agnieszka.wiśniewski41@post.com,+48 080715888,61,3,380
46,Czesław,Wójcik,Opolskie,Gdańsk,jacek.szymański13@example.com,+48 392058846,22,1,9820
47,Edward,Mazur,Małopolskie,Wrocław,grażyna.dziedzic48@example.com,+48 772320857,54,5,210
48,Jacek,Kwiatkowski,Małopolskie,Warszawa,iwona.wójcik52@inbox.com,+48 809718582,78,5,210
49,Iwona,Szymański,Lubuskie,Łódź,ewa.kowalski51@example.com,+48 068741035,79,2,370
50,Małgorzata,Dziedzic,Łódzkie,Wrocław,bartosz.wiśniewski53@mail.com,+48 810908374,52,4,320
51,Filip,Michalak,Lubuskie,Wrocław,jacek.wójcik45@mail.com,+48 238112922,30,4,480
52,Wojciech,Kamiński,Kujawsko-Pomorskie,Łódź,filip.wiśniewski19@post.com,+48 599763456,58,5,2180
53,Iwona,Zawadzki,Podkarpackie,Lublin,bartosz.dąbrowski51@inbox.com,+48 640327392,65,1,6550
54,Ewa,Dziedzic,Kujawsko-Pomorskie,Gdańsk,filip.wójcik62@inbox.com,+48 501283193,70,3,30
55,Jacek,Grabowski,Lubuskie,Gdańsk,bartosz.kowalski17@example.com,+48 188674481,20,5,5970
56,Róża,Wiśniewski,Opolskie,Szczecin,celina.woźniak4@example.com,+48 429449901,20,1,70
57,Helena,Szymański,Łódzkie,Gdańsk,ewa.wiśniewski99@inbox.com,+48 364887858,79,4,120
58,Katarzyna,Kwiatkowski,Małopolskie,Bydgoszcz,grażyna.dziedzic11@inbox.com,+48 747973794,72,3,230
59,Zofia,Lewandowski,Łódzkie,Bydgoszcz,jacek.wójcik33@mail.com,+48 281381250,25,5,180
60,Iwona,Kaczor,Lubuskie,Poznań,ewa.dąbrowski96@post.com,+48 355901843,30,1,260
61,Beata,Wiśniewski,Podkarpackie,Kraków,henryk.nowak38@inbox.com,+48 178340838,41,5,20
62,Grzegorz,Nowak,Łódzkie,Poznań,jacek.dąbrowski79@example.com,+48 884115442,65,2,7460
63,Bartosz,Dąbrowski,Dolnośląskie,Warszawa,celina.wiśniewski87@example.com,+48 839492811,62,1,310
64,Agnieszka,Jabłoński,Opolskie,Poznań,ewa.wójcik6@mail.com,+48 269087787,69,2,8900
65,Grażyna,Kaczmarek,Podkarpackie,Lublin,celina.szymański12@post.com,+48 519694458,77,2,410
66,Małgorzata,Szymański,Lubuskie,Bydgoszcz,filip.wójcik100@inbox.com,+48 641636960,29,5,160
67,Grzegorz,Michalak,Podlaskie,Katowice,jacek.lewandowski83@example.com,+48 483001388,70,4,90
68,Beata,Krawczyk,Kujawsko-Pomorskie,Szczecin,grażyna.wiśniewski89@post.com,+48 800746135,60,1,200
69,Norbert,Wojciechowski,Małopolskie,Szczecin,ewa.kowalski27@example.com,+48 869661400,55,4,500
70,Jacek,Nowakowski,Podkarpackie,Łódź,jacek.woźniak48@example.com,+48 904140727,71,4,180
71,Grażyna,Adamczyk,Lubelskie,Poznań,grażyna.nowak46@inbox.com,+48 711017146,71,3,260
72,Celina,Woźniak,Kujawsko-Pomorskie,Kraków,iwona.kamiński18@post.com,+48 052654178,46,1,280
73,Paweł,Kamiński,Mazowieckie,Szczecin,bartosz.lewandowski33@inbox.com,+48 854952778,36,1,350
74,Helena,Kamiński,Opolskie,Szczecin,celina.wójcik80@example.com,+48 309084448,51,2,160
75,Aleksander,Zawadzki,Podkarpackie,Lublin,bartosz.dziedzic91@mail.com,+48 174389439,32,5,20
76,Aleksander,Dudek,Łódzkie,Gdańsk,dariusz.lewandowski100@inbox.com,+48 459491200,42,5,430
77,Dariusz,Wójcik,Dolnośląskie,Warszawa,henryk.dziedzic51@example.com,+48 676314103,30,2,490
78,Danuta,Kaczmarek,Małopolskie,Łódź,iwona.woźniak93@example.com,+48 844841273,21,2,110
79,Celina,Wójcik,Lubuskie,Kraków,ewa.kowalski28@inbox.com,+48 435994644,24,2,6200
80,Oliwia,Kaczmarek,Małopolskie,Katowice,henryk.nowak3@inbox.com,+48 375475407,32,1,130
81,Urszula,Wiśniewski,Małopolskie,Warszawa,jacek.woźniak49@example.com,+48 995057763,23,3,420
82,Małgorzata,Nowakowski,Kujawsko-Pomorskie,Kraków,iwona.nowak91@post.com,+48 158194487,43,3,230
83,Celina,Lewandowski,Podlaskie,Warszawa,dariusz.dziedzic66@mail.com,+48 216599978,28,4,0
84,Jacek,Nowakowski,Lubelskie,Lublin,henryk.nowak57@inbox.com,+48 184717833,26,4,4410
85,Teresa,Mazur,Małopolskie,Gdańsk,ewa.dziedzic12@inbox.com,+48 413126690,47,1,3980
86,Urszula,Adamczyk,Podlaskie,Gdańsk,iwona.dąbrowski90@mail.com,+48 319813467,42,3,430
87,Wojciech,Nowakowski,Opolskie,Kraków,grażyna.wójcik10@post.com,+48 843012009,57,5,100
88,Felicja,Jabłoński,Opolskie,Wrocław,jacek.dziedzic29@post.com,+48 427921267,21,5,180
89,Edward,Lewandowski,Lubuskie,Wrocław,henryk.nowak18@example.com,+48 967831184,22,4,210
90,Dariusz,Grabowski,Kujawsko-Pomorskie,Łódź,dariusz.woźniak51@post.com,+48 878134892,73,4,400
91,Czesław,Kowalski,Opolskie,Kraków,jacek.dąbrowski100@example.com,+48 843652691,43,5,160
92,Henryk,Nowak,Podkarpackie,Lublin,celina.wójcik70@post.com,+48 615556221,47,5,20
93,Zofia,Zawadzki,Kujawsko-Pomorskie,Lublin,bartosz.nowak47@inbox.com,+48 692074021,49,3,110
94,Henryk,Zając,Podlaskie,Poznań,filip.dziedzic32@inbox.com,+48 437839772,58,4,490
95,Felicja,Zając,Podkarpackie,Wrocław,jacek.kowalski49@inbox.com,+48 141204068,32,1,470
96,Teresa,Adamczyk,Mazowieckie,Bydgoszcz,bartosz.wiśniewski82@post.com,+48 611719619,21,2,50
97,Paweł,Dąbrowski,Łódzkie,Gdańsk,iwona.nowak78@example.com,+48 457587146,33,3,120
98,Edward,Dudek,Lubuskie,Katowice,filip.wójcik53@inbox.com,+48 183191917,31,4,270
99,Zofia,Wojciechowski,Podkarpackie,Lublin,jacek.wójcik39@inbox.com,+48 012686278,76,3,7890
100,Aleksander,Jabłoński,Podkarpackie,Poznań,iwona.szymański79@post.com,+48 496017754,52,1,50
